id,filename,prompt_id,workflow_id,config_id,created_at
2,97119121-6096-4497-bef2-3f98ab134435_1746481095511_ComfyUI_00053_.png,97119121-6096-4497-bef2-3f98ab134435,,,"2025-05-05 21:38:15"
3,ef5c2282-5c76-45ca-af44-0183c915d125_1746481205079_ComfyUI_00054_.png,ef5c2282-5c76-45ca-af44-0183c915d125,,,"2025-05-05 21:40:05"
26,38d8d8eb-5484-4b74-b23b-2d061b2281df_1746513505695_ComfyUI_01440_.png,38d8d8eb-5484-4b74-b23b-2d061b2281df,,,"2025-05-06 06:38:27"
27,d5d0d84e-f3be-476f-bcc1-98c30fff1ca2_1746517019679_ComfyUI_01445_.png,d5d0d84e-f3be-476f-bcc1-98c30fff1ca2,,,"2025-05-06 07:36:59"
28,711b8b6f-2793-4fbe-919f-493fe3d85383_1746517057850_ComfyUI_01446_.png,711b8b6f-2793-4fbe-919f-493fe3d85383,,,"2025-05-06 07:37:39"
29,67d5541c-6971-408a-ba1a-5baa63270558_1746517127459_ComfyUI_01446_.png,67d5541c-6971-408a-ba1a-5baa63270558,,,"2025-05-06 07:38:48"
31,a7cfe67b-4f69-4e49-9dec-40a8b1c7f7b1_1746517201362_ComfyUI_01447_.png,a7cfe67b-4f69-4e49-9dec-40a8b1c7f7b1,,,"2025-05-06 07:40:01"
32,f4da55fc-8731-47e1-84e9-c1f23de3b16a_1746517267035_ComfyUI_01448_.png,f4da55fc-8731-47e1-84e9-c1f23de3b16a,,,"2025-05-06 07:41:08"
33,a5265ae3-67c3-4a66-bd0a-ebe317b38c3a_1746517336270_ComfyUI_01449_.png,a5265ae3-67c3-4a66-bd0a-ebe317b38c3a,,,"2025-05-06 07:42:16"
34,9ced8dec-0f7e-4dd2-bad7-907735dbf555_1746517387260_ComfyUI_01450_.png,9ced8dec-0f7e-4dd2-bad7-907735dbf555,,,"2025-05-06 07:43:07"
35,76b4f401-423e-47c6-aeed-22dbd547c9f1_1746521483952_ComfyUI_01475_.png,76b4f401-423e-47c6-aeed-22dbd547c9f1,,,"2025-05-06 08:51:25"
36,14cb9d74-b4c5-4706-8ef1-6f1b077fab97_1746521566026_ComfyUI_01476_.png,14cb9d74-b4c5-4706-8ef1-6f1b077fab97,,,"2025-05-06 08:52:46"
37,f1cf7467-6b59-434c-8233-934c2bbaf32a_1746521622785_ComfyUI_01477_.png,f1cf7467-6b59-434c-8233-934c2bbaf32a,,,"2025-05-06 08:53:43"
38,b81a9d66-cd21-4352-bf0d-880eb0b712aa_1746521683594_ComfyUI_01478_.png,b81a9d66-cd21-4352-bf0d-880eb0b712aa,,,"2025-05-06 08:54:44"
39,5644fdf7-4aec-435c-b3f9-b7dc9f79ed3e_1746523001233_ComfyUI_01485_.png,5644fdf7-4aec-435c-b3f9-b7dc9f79ed3e,,,"2025-05-06 09:16:41"
40,ef81bf14-c3db-47ed-bfb5-426b061b68e8_1746523281313_ComfyUI_01486_.png,ef81bf14-c3db-47ed-bfb5-426b061b68e8,,,"2025-05-06 09:21:22"
41,f0697d8a-da74-4f74-aa38-594664259749_1746523340459_ComfyUI_01487_.png,f0697d8a-da74-4f74-aa38-594664259749,,,"2025-05-06 09:22:21"
42,ea6a9e9a-7b8a-43fa-9b7f-c4acd4c5ff12_1746523378706_ComfyUI_01488_.png,ea6a9e9a-7b8a-43fa-9b7f-c4acd4c5ff12,,,"2025-05-06 09:22:59"
43,a290f724-e1d7-487a-bea6-cf23c7604b61_1746523711602_ComfyUI_01489_.png,a290f724-e1d7-487a-bea6-cf23c7604b61,,,"2025-05-06 09:28:32"
44,d73d709a-8fb7-4b37-baef-c77512488e59_1746524949473_ComfyUI_01490_.png,d73d709a-8fb7-4b37-baef-c77512488e59,,,"2025-05-06 09:49:10"
45,e041fdd7-ca6f-49d0-b679-5394addddae1_1746525052380_ComfyUI_01491_.png,e041fdd7-ca6f-49d0-b679-5394addddae1,,,"2025-05-06 09:50:54"
46,982f6fa0-0784-4f87-877d-582053d9a177_1746527863156_ComfyUI_01492_.png,982f6fa0-0784-4f87-877d-582053d9a177,,,"2025-05-06 10:37:49"
47,e75c2582-a91a-40e0-a2fd-1855a172c0fd_1746527933925_ComfyUI_01493_.png,e75c2582-a91a-40e0-a2fd-1855a172c0fd,,,"2025-05-06 10:38:54"
48,1822d3f5-b2a9-4619-b663-0008768c5de2_1746527990950_ComfyUI_01494_.png,1822d3f5-b2a9-4619-b663-0008768c5de2,,,"2025-05-06 10:39:51"
49,99d6d6f9-30d8-4108-8308-170a58326d17_1746528744113_ComfyUI_01495_.png,99d6d6f9-30d8-4108-8308-170a58326d17,,,"2025-05-06 10:52:24"
50,2b9b059d-647b-4fb1-8370-d6dbc69bbf6a_1746528789190_ComfyUI_01496_.png,2b9b059d-647b-4fb1-8370-d6dbc69bbf6a,,,"2025-05-06 10:53:10"
51,beb55105-3ab6-4221-97fd-6df046ed35e0_1746529092526_ComfyUI_01497_.png,beb55105-3ab6-4221-97fd-6df046ed35e0,,,"2025-05-06 10:58:14"
52,9e1f0503-972d-44ba-bcf0-ed253de7ce98_1746529106148_ComfyUI_01498_.png,9e1f0503-972d-44ba-bcf0-ed253de7ce98,,,"2025-05-06 10:58:27"
53,25ce60c6-4800-4c4d-a244-25b02b7af0d8_1746534081480_ComfyUI_01500_.png,25ce60c6-4800-4c4d-a244-25b02b7af0d8,,,"2025-05-06 12:21:21"
54,b949ea56-1e2c-4719-afb8-75f5cd55dac2_1746534100821_ComfyUI_01501_.png,b949ea56-1e2c-4719-afb8-75f5cd55dac2,,,"2025-05-06 12:21:43"
55,585e8381-6f0e-4972-abcf-397abf157b29_1746536533689_ComfyUI_01505_.png,585e8381-6f0e-4972-abcf-397abf157b29,,,"2025-05-06 13:02:15"
56,ecdecca1-a940-44a8-839f-5f95ec6d3bbf_1746536600485_ComfyUI_01506_.png,ecdecca1-a940-44a8-839f-5f95ec6d3bbf,,,"2025-05-06 13:03:22"
57,a80395ab-4c8d-4c2b-a4e3-b76b3242d0cf_1746536720774_ComfyUI_01507_.png,a80395ab-4c8d-4c2b-a4e3-b76b3242d0cf,,,"2025-05-06 13:05:22"
58,5ce97884-0343-4f5a-8583-ee50b27bb011_1746537540476_ComfyUI_01508_.png,5ce97884-0343-4f5a-8583-ee50b27bb011,,,"2025-05-06 13:19:02"
59,760d13b9-da53-46bd-b679-b52c7ad795fd_1746537639730_ComfyUI_01509_.png,760d13b9-da53-46bd-b679-b52c7ad795fd,,,"2025-05-06 13:20:41"
60,03ac3a8a-f961-4f65-a81b-8639d644ade4_1746537736304_ComfyUI_01510_.png,03ac3a8a-f961-4f65-a81b-8639d644ade4,,,"2025-05-06 13:22:16"
61,e4556f31-5716-4f96-bf87-51710b032ec8_1746537814950_ComfyUI_01511_.png,e4556f31-5716-4f96-bf87-51710b032ec8,,,"2025-05-06 13:23:36"
62,9bd2fa90-fbf9-44e9-b9a3-31a585b08ddc_1746537850518_ComfyUI_01512_.png,9bd2fa90-fbf9-44e9-b9a3-31a585b08ddc,,,"2025-05-06 13:24:11"
63,88cad7f9-ca82-4748-8bd4-314164ad9b19_1746538104991_ComfyUI_01513_.png,88cad7f9-ca82-4748-8bd4-314164ad9b19,,,"2025-05-06 13:28:25"
64,d43d003d-eb8b-427a-a525-d85da78d2397_1746538213696_ComfyUI_01514_.png,d43d003d-eb8b-427a-a525-d85da78d2397,,,"2025-05-06 13:30:14"
